<?xml version="1.0" encoding="UTF-8"?>
<window id="10">
    
    <!--  <animation effect="slide" end="1920" time="2000" tween="cubic" easing="in" condition="StringCompare(Window.Property(SlideDirection),right)">WindowClose</animation>
    <animation effect="slide" end="-1920" time="2000" tween="cubic" easing="in" condition="StringCompare(Window.Property(SlideDirection),left)">WindowClose</animation> -->   
    <zorder>99</zorder>
    <controls>
        <control type="group" id="10">        	
            <control type="image" id="100">
                <texture>black.png</texture>
            </control>
            <control type="image" id="200">
                <texture>black.png</texture>
            </control>
            <control type="label" id="1">
        		<label>$INFO[Window.Property(SlideDirection)]</label>
  			</control>
        </control>	
    </controls>
</window>