<?xml version="1.0" encoding="UTF-8" standalone="yes"?>
<addon id="plugin.video.spursplay" name="SPURSPLAY" version="0.1.0" provider-name="LS80">
    <requires>
        <import addon="xbmc.python" version="3.0.0"/>
        <import addon="script.module.requests" />
    </requires>
    <extension point="xbmc.python.pluginsource" library="addon.py">
        <provides>video</provides>
    </extension>
    <extension point="xbmc.addon.metadata">
        <platform>all</platform>
        <summary lang="en_GB">
        </summary>
        <description lang="en_GB">
        </description>
        <disclaimer lang="en_GB">Requires a SPURSPLAY subscription</disclaimer>
        <news>
        </news>
        <language>en</language>
        <platform>all</platform>
        <license>MIT</license>
        <website>https://play.tottenhamhotspur.com</website>
        <source>https://github.com/LS80/plugin.video.spursplay</source>
        <assets>
            <icon>resources/icon.png</icon>
        </assets>
    </extension>
</addon>
