<?xml version="1.0" encoding="UTF-8" standalone="yes"?>
<addon id="plugin.video.kermodeandmayo" name="Kermode and Mayo's Film Review" version="0.4.0" provider-name="Leopold">
  <requires>
    <import addon="xbmc.python" version="2.23.0"/>
    <import addon="script.module.xbmcswift2" version="2.4.0" optional="false"/>
    <import addon="script.module.beautifulsoup4" version="4.3.2" optional="false"/>
    <import addon="script.module.requests" version="2.3.0" optional="false"/>
  </requires>
  <extension point="xbmc.python.pluginsource" library="addon.py">
    <provides>video audio</provides>
  </extension>
  <extension point="kodi.context.item">
    <menu id="kodi.core.main">
      <item library="context.py">
        <label>30010</label>
        <visible>Container.Content(movies)</visible>
      </item>
    </menu>
  </extension>
  <extension point="xbmc.addon.metadata">
    <platform>all</platform>
    <language>en</language>
    <summary language="en">Mark Kermode joins Simon Mayo to give his verdict on the week's movies</summary>
    <description language="en">This plugin provides access to the full episode podcasts and video clips from Kermode and Mayo's Film Review at bbc.co.uk and YouTube. The videos contain film reviews and interviews which are broadcast live on Fridays at 2pm on BBC Radio 5 live. "Kermode Uncut" is a twice-weekly video blog where Mark airs his personal views on the things that most fire him up about cinema.

Outspoken, opinionated and never lost for words, Mark Kermode is the UK's leading film critic. Feted as one of the finest film reviewers of his generation as well as for his impeccably-coiffured quiff, Mark Kermode presents the film review on Radio 5 live with Simon Mayo in a broadcast partnership that has lasted nearly 20 years.</description>
    <website>http://www.bbc.co.uk/programmes/b00lvdrj</website>
    <forum>http://forum.xbmc.org/showthread.php?tid=187996</forum>
    <source>https://github.com/LS80/plugin.video.kermodeandmayo.git</source>
    <license>GNU GENERAL PUBLIC LICENSE. Version 3, 29 June 2007</license>
  </extension>
</addon>
