<?xml version="1.0" encoding="UTF-8" standalone="yes"?>
<addon id="repository.leopold" name="Leopold's Add-ons" version="4.0.0" provider-name="Leopold">
  <requires>
    <import addon="xbmc.addon" version="12.0.0"/>
  </requires>
  <extension point="xbmc.addon.repository" name="Leopold's Repository">
    <dir>
      <info compressed="false">https://raw.githubusercontent.com/LS80/repository.leopold/master/addons.xml</info>
      <checksum>https://raw.githubusercontent.com/LS80/repository.leopold/master/addons.xml.md5</checksum>
      <datadir zip="true">https://raw.githubusercontent.com/LS80/repository.leopold/master</datadir>
    </dir>
  </extension>
  <extension point="xbmc.addon.metadata">
    <summary>Leopold's add-ons</summary>
    <description>Download and install add-ons from Leopold's repository. Most of the add-ons in this repository are created and maintained by Leopold. Some add-ons are provided by others and merely hosted here for convenience.</description>
    <platform>all</platform>
    <website>https://addons.leopold.me.uk</website>
    <assets>
      <icon>resources/icon.png</icon>
    </assets>
  </extension>
</addon>
