<?xml version="1.0" encoding="UTF-8" standalone="yes"?>
<addon id="plugin.video.btsportvideo" name="BT Sport Video" version="0.2.0" provider-name="Leopold">
  <requires>
    <import addon="xbmc.python" version="2.25.0"/>
    <import addon="script.module.kodiswift" version="0.0.8" optional="false"/>
    <import addon="script.module.beautifulsoup4" version="4.3.1" optional="false"/>
    <import addon="script.module.requests" version="2.4.3" optional="false"/>
    <import addon="script.module.pyrollbar" version="0.13.17" optional="false"/>
  </requires>
  <extension point="xbmc.python.pluginsource" library="addon.py">
    <provides>video</provides>
  </extension>
  <extension point="xbmc.addon.metadata">
    <platform>all</platform>
    <language>en</language>
    <summary lang="en_gb">Watch videos from BT Sport</summary>
    <description lang="en_gb">This plugin provides access to the videos from the BT Sport website</description>
    <website>https://sport.bt.com</website>
    <source>https://github.com/LS80/plugin.video.btsportvideo.git</source>
    <license>MIT</license>
    <forum>https://forum.kodi.tv/showthread.php?tid=325188</forum>
    <assets>
      <icon>resources/icon.png</icon>
      <fanart>resources/fanart.jpg</fanart>
      <screenshot>resources/screenshot001.png</screenshot>
      <screenshot>resources/screenshot002.png</screenshot>
      <screenshot>resources/screenshot003.png</screenshot>
    </assets>
    <news>Added a search history</news>
  </extension>
</addon>
