<?xml version="1.0" encoding="UTF-8" standalone="yes"?>
<addon id="plugin.video.ecbtv" name="ECB TV" version="0.1.0" provider-name="Leopold">
  <requires>
    <import addon="xbmc.python" version="2.1.0"/>
    <import addon="script.module.kodiswift" version="0.0.8" optional="false"/>
    <import addon="script.module.beautifulsoup4" version="4.3.1" optional="false"/>
    <import addon="script.module.requests" version="2.4.3" optional="false"/>
  </requires>
  <extension point="xbmc.python.pluginsource" library="addon.py">
    <provides>video</provides>
  </extension>
  <extension point="xbmc.addon.metadata">
    <platform>all</platform>
    <language>en</language>
    <summary>Watch videos from ECB TV</summary>
    <description>This video plugin provides access to the videos from the official site of the England and Wales Cricket Board.</description>
    <website>http://www.ecbtv.co.uk</website>
    <source>https://github.com/LS80/plugin.video.ecbtv.git</source>
    <license>GNU GENERAL PUBLIC LICENSE. Version 3, 29 June 2007</license>
  </extension>
</addon>
