﻿<?xml version="1.0" encoding="UTF-8" standalone="yes"?>
<addon id="script.progress.problem"
       name="Progress Problem"
       version="1.0.0"
       provider-name="Leopold">
  <requires>
    <import addon="xbmc.python" version="2.0"/>
  </requires>
  <extension point="xbmc.python.script"
             library="default.py" />
  <extension point="xbmc.addon.metadata">
    <platform>all</platform>
    <summary lang="en">Problem with progress dialog</summary>
    <description lang="en"></description>
  </extension>
</addon>
